customer_id,first_name,last_name,email,city,state,region,segment,signup_date
1,Daniel,Hill,daniel.hill1@example.com,Boston,MA,North,Consumer,2022-06-26
2,Linda,Harris,linda.harris2@example.com,Baltimore,MD,East,Home Office,2021-06-11
3,Michelle,White,michelle.white3@example.com,Seattle,WA,West,Consumer,2024-03-28
4,Kevin,Anderson,kevin.anderson4@example.com,New York,NY,North,Consumer,2022-08-16
5,Matthew,Moore,matthew.moore5@example.com,Houston,TX,South,Home Office,2023-07-18
6,Lisa,Thompson,lisa.thompson6@example.com,Los Angeles,CA,West,Home Office,2022-03-06
7,Carol,Jones,carol.jones7@example.com,Seattle,WA,West,Home Office,2024-06-01
8,George,Thomas,george.thomas8@example.com,Atlanta,GA,South,Corporate,2021-12-01
9,Kenneth,Scott,kenneth.scott9@example.com,Washington,DC,East,Home Office,2022-03-26
10,Joseph,Williams,joseph.williams10@example.com,Los Angeles,CA,West,Corporate,2022-10-09
11,Susan,Torres,susan.torres11@example.com,Los Angeles,CA,West,Consumer,2022-10-07
12,Dorothy,Robinson,dorothy.robinson12@example.com,Washington,DC,East,Corporate,2021-10-20
13,Melissa,Scott,melissa.scott13@example.com,Houston,TX,South,Corporate,2024-01-09
14,Betty,White,betty.white14@example.com,Baltimore,MD,East,Consumer,2022-03-26
15,Timothy,Brown,timothy.brown15@example.com,Philadelphia,PA,East,Consumer,2021-08-13
16,Margaret,Hill,margaret.hill16@example.com,Atlanta,GA,South,Corporate,2021-05-11
17,Sandra,King,sandra.king17@example.com,Baltimore,MD,East,Home Office,2022-05-30
18,George,Davis,george.davis18@example.com,Chicago,IL,North,Home Office,2024-10-28
19,Nancy,Davis,nancy.davis19@example.com,Seattle,WA,West,Corporate,2022-08-25
20,James,Taylor,james.taylor20@example.com,Miami,FL,South,Consumer,2023-10-23
21,Karen,Allen,karen.allen21@example.com,Chicago,IL,North,Consumer,2024-06-01
22,Timothy,Hernandez,timothy.hernandez22@example.com,Miami,FL,South,Home Office,2024-01-10
23,Christopher,Young,christopher.young23@example.com,Chicago,IL,North,Consumer,2021-02-09
24,Jessica,Brown,jessica.brown24@example.com,San Francisco,CA,West,Home Office,2022-05-09
25,George,Young,george.young25@example.com,New York,NY,North,Home Office,2021-05-22
26,Kevin,Walker,kevin.walker26@example.com,Houston,TX,South,Consumer,2024-01-31
27,Joshua,Ramirez,joshua.ramirez27@example.com,Seattle,WA,West,Home Office,2022-03-10
28,Karen,Sanchez,karen.sanchez28@example.com,Atlanta,GA,South,Home Office,2024-10-07
29,Kimberly,Lewis,kimberly.lewis29@example.com,San Francisco,CA,West,Consumer,2021-09-05
30,Nancy,Johnson,nancy.johnson30@example.com,Houston,TX,South,Home Office,2024-04-19
31,Joseph,Smith,joseph.smith31@example.com,Atlanta,GA,South,Home Office,2021-05-26
32,Robert,Williams,robert.williams32@example.com,New York,NY,North,Consumer,2022-11-08
33,Kevin,Young,kevin.young33@example.com,Miami,FL,South,Home Office,2022-03-15
34,Andrew,Torres,andrew.torres34@example.com,Atlanta,GA,South,Consumer,2023-08-27
35,Richard,Miller,richard.miller35@example.com,Washington,DC,East,Home Office,2021-07-18
36,Margaret,Clark,margaret.clark36@example.com,Washington,DC,East,Home Office,2023-08-15
37,Dorothy,Miller,dorothy.miller37@example.com,Chicago,IL,North,Corporate,2021-05-05
38,Jessica,Gonzalez,jessica.gonzalez38@example.com,Los Angeles,CA,West,Home Office,2022-01-25
39,Margaret,Lopez,margaret.lopez39@example.com,Philadelphia,PA,East,Corporate,2022-07-25
40,Mark,Scott,mark.scott40@example.com,Houston,TX,South,Consumer,2021-07-20
41,Timothy,Thomas,timothy.thomas41@example.com,New York,NY,North,Corporate,2021-12-07
42,Susan,Sanchez,susan.sanchez42@example.com,Washington,DC,East,Consumer,2021-05-01
43,Matthew,Taylor,matthew.taylor43@example.com,Philadelphia,PA,East,Corporate,2023-07-21
44,George,Scott,george.scott44@example.com,Baltimore,MD,East,Home Office,2024-09-17
45,Richard,Jackson,richard.jackson45@example.com,Philadelphia,PA,East,Consumer,2022-03-22
46,Christopher,Brown,christopher.brown46@example.com,Chicago,IL,North,Home Office,2021-04-13
47,Kimberly,Hernandez,kimberly.hernandez47@example.com,Baltimore,MD,East,Home Office,2021-04-27
48,Robert,Hill,robert.hill48@example.com,New York,NY,North,Home Office,2021-05-20
49,Linda,Torres,linda.torres49@example.com,Miami,FL,South,Home Office,2022-05-20
50,Jennifer,Clark,jennifer.clark50@example.com,Chicago,IL,North,Home Office,2024-09-08
51,Susan,Lee,susan.lee51@example.com,San Francisco,CA,West,Corporate,2022-05-04
52,Kevin,Martin,kevin.martin52@example.com,Philadelphia,PA,East,Corporate,2023-07-26
53,Sandra,Flores,sandra.flores53@example.com,New York,NY,North,Consumer,2024-02-28
54,Susan,Allen,susan.allen54@example.com,Chicago,IL,North,Consumer,2022-06-28
55,Jessica,White,jessica.white55@example.com,Los Angeles,CA,West,Consumer,2022-08-07
56,Amanda,Martin,amanda.martin56@example.com,Baltimore,MD,East,Home Office,2024-06-06
57,Emily,Martin,emily.martin57@example.com,Chicago,IL,North,Consumer,2024-09-20
58,Linda,Miller,linda.miller58@example.com,Miami,FL,South,Consumer,2024-02-08
59,Joshua,Wilson,joshua.wilson59@example.com,San Francisco,CA,West,Consumer,2022-12-04
60,Ashley,Taylor,ashley.taylor60@example.com,Seattle,WA,West,Consumer,2021-04-15
61,John,Smith,john.smith61@example.com,Washington,DC,East,Consumer,2022-11-15
62,Melissa,Lewis,melissa.lewis62@example.com,Los Angeles,CA,West,Home Office,2024-02-04
63,James,Davis,james.davis63@example.com,Baltimore,MD,East,Home Office,2021-06-04
64,John,White,john.white64@example.com,Atlanta,GA,South,Home Office,2024-04-07
65,William,Williams,william.williams65@example.com,Miami,FL,South,Corporate,2022-09-24
66,Susan,Thomas,susan.thomas66@example.com,Boston,MA,North,Consumer,2024-09-27
67,Anthony,Flores,anthony.flores67@example.com,Seattle,WA,West,Consumer,2021-11-13
68,Anthony,Johnson,anthony.johnson68@example.com,Houston,TX,South,Home Office,2022-01-03
69,Kevin,Thomas,kevin.thomas69@example.com,San Francisco,CA,West,Consumer,2022-07-01
70,John,Walker,john.walker70@example.com,Boston,MA,North,Consumer,2022-04-01
71,Karen,Anderson,karen.anderson71@example.com,Washington,DC,East,Consumer,2022-04-02
72,Nancy,Moore,nancy.moore72@example.com,Miami,FL,South,Corporate,2021-05-23
73,Steven,Sanchez,steven.sanchez73@example.com,Seattle,WA,West,Home Office,2024-10-23
74,Linda,Taylor,linda.taylor74@example.com,Los Angeles,CA,West,Home Office,2022-01-01
75,Michael,Hill,michael.hill75@example.com,Los Angeles,CA,West,Corporate,2023-06-09
76,Joshua,Allen,joshua.allen76@example.com,San Francisco,CA,West,Corporate,2021-08-25
77,John,Ramirez,john.ramirez77@example.com,Miami,FL,South,Home Office,2021-01-04
78,Margaret,Jones,margaret.jones78@example.com,Miami,FL,South,Corporate,2024-09-22
79,Linda,Martin,linda.martin79@example.com,Seattle,WA,West,Corporate,2023-11-05
80,Betty,Jackson,betty.jackson80@example.com,Washington,DC,East,Consumer,2024-02-10
81,Kevin,Harris,kevin.harris81@example.com,Miami,FL,South,Home Office,2024-10-19
82,Andrew,Martin,andrew.martin82@example.com,Atlanta,GA,South,Home Office,2023-04-12
83,Charles,Wilson,charles.wilson83@example.com,Boston,MA,North,Home Office,2023-05-31
84,Mark,Lewis,mark.lewis84@example.com,San Francisco,CA,West,Consumer,2024-10-15
85,David,Garcia,david.garcia85@example.com,Baltimore,MD,East,Home Office,2022-08-05
86,Timothy,Thomas,timothy.thomas86@example.com,Los Angeles,CA,West,Corporate,2024-10-09
87,Elizabeth,Johnson,elizabeth.johnson87@example.com,Houston,TX,South,Consumer,2021-04-05
88,Deborah,Jones,deborah.jones88@example.com,Baltimore,MD,East,Corporate,2023-07-22
89,Brian,Harris,brian.harris89@example.com,Atlanta,GA,South,Corporate,2023-10-10
90,Dorothy,Smith,dorothy.smith90@example.com,Houston,TX,South,Corporate,2021-08-07
91,Brian,King,brian.king91@example.com,Houston,TX,South,Consumer,2023-08-10
92,Sandra,Rodriguez,sandra.rodriguez92@example.com,Houston,TX,South,Home Office,2023-08-10
93,Michelle,Allen,michelle.allen93@example.com,San Francisco,CA,West,Home Office,2023-05-24
94,Melissa,Walker,melissa.walker94@example.com,Philadelphia,PA,East,Corporate,2023-07-11
95,Sarah,King,sarah.king95@example.com,Atlanta,GA,South,Home Office,2023-09-20
96,Mark,Jones,mark.jones96@example.com,Miami,FL,South,Consumer,2022-08-09
97,Christopher,Wright,christopher.wright97@example.com,San Francisco,CA,West,Consumer,2021-06-15
98,Matthew,Martinez,matthew.martinez98@example.com,Houston,TX,South,Consumer,2024-12-17
99,Anthony,Perez,anthony.perez99@example.com,Boston,MA,North,Corporate,2024-01-17
100,Susan,Clark,susan.clark100@example.com,Philadelphia,PA,East,Home Office,2023-03-09
101,Matthew,Walker,matthew.walker101@example.com,Chicago,IL,North,Corporate,2021-01-13
102,Anthony,Wright,anthony.wright102@example.com,San Francisco,CA,West,Home Office,2024-01-24
103,Joseph,Moore,joseph.moore103@example.com,Miami,FL,South,Corporate,2023-06-12
104,Nancy,Sanchez,nancy.sanchez104@example.com,Boston,MA,North,Corporate,2021-12-05
105,Paul,Johnson,paul.johnson105@example.com,Atlanta,GA,South,Home Office,2023-03-18
106,Dorothy,Ramirez,dorothy.ramirez106@example.com,New York,NY,North,Corporate,2021-10-05
107,Thomas,Harris,thomas.harris107@example.com,Houston,TX,South,Consumer,2022-11-02
108,Nancy,Harris,nancy.harris108@example.com,Washington,DC,East,Corporate,2022-07-24
109,Donald,Johnson,donald.johnson109@example.com,Los Angeles,CA,West,Consumer,2024-01-10
110,Dorothy,Jones,dorothy.jones110@example.com,Los Angeles,CA,West,Consumer,2024-08-27
111,Richard,Johnson,richard.johnson111@example.com,New York,NY,North,Consumer,2024-06-26
112,Donald,Davis,donald.davis112@example.com,Houston,TX,South,Consumer,2024-03-01
113,Thomas,White,thomas.white113@example.com,Baltimore,MD,East,Home Office,2021-12-10
114,Karen,Miller,karen.miller114@example.com,New York,NY,North,Consumer,2024-03-31
115,Carol,Harris,carol.harris115@example.com,Seattle,WA,West,Home Office,2023-03-24
116,Donna,Thomas,donna.thomas116@example.com,Houston,TX,South,Home Office,2021-07-28
117,Joshua,Davis,joshua.davis117@example.com,Seattle,WA,West,Consumer,2024-03-05
118,Margaret,White,margaret.white118@example.com,Seattle,WA,West,Home Office,2021-05-22
119,Anthony,Young,anthony.young119@example.com,Los Angeles,CA,West,Corporate,2021-08-05
120,Sandra,Martinez,sandra.martinez120@example.com,Seattle,WA,West,Consumer,2023-06-11
121,Paul,Walker,paul.walker121@example.com,Seattle,WA,West,Corporate,2023-08-11
122,Jessica,Garcia,jessica.garcia122@example.com,San Francisco,CA,West,Corporate,2022-07-26
123,Andrew,Flores,andrew.flores123@example.com,Miami,FL,South,Corporate,2024-09-30
124,Ashley,Lee,ashley.lee124@example.com,Los Angeles,CA,West,Corporate,2022-01-08
125,Thomas,Perez,thomas.perez125@example.com,Miami,FL,South,Home Office,2022-07-27
126,James,King,james.king126@example.com,Seattle,WA,West,Consumer,2022-01-27
127,Anthony,Young,anthony.young127@example.com,Atlanta,GA,South,Consumer,2024-02-12
128,Amanda,Young,amanda.young128@example.com,Baltimore,MD,East,Consumer,2023-07-07
129,Joseph,Sanchez,joseph.sanchez129@example.com,Boston,MA,North,Consumer,2024-11-17
130,Donna,White,donna.white130@example.com,Seattle,WA,West,Home Office,2023-08-28
131,Melissa,Scott,melissa.scott131@example.com,San Francisco,CA,West,Corporate,2022-11-09
132,Karen,Taylor,karen.taylor132@example.com,Washington,DC,East,Consumer,2022-04-18
133,Linda,Wright,linda.wright133@example.com,Miami,FL,South,Consumer,2024-11-14
134,Melissa,Walker,melissa.walker134@example.com,Houston,TX,South,Home Office,2022-07-21
135,Richard,Jackson,richard.jackson135@example.com,Los Angeles,CA,West,Corporate,2022-04-11
136,James,Wright,james.wright136@example.com,Miami,FL,South,Corporate,2021-09-17
137,Emily,Jackson,emily.jackson137@example.com,New York,NY,North,Consumer,2024-11-29
138,James,Torres,james.torres138@example.com,Philadelphia,PA,East,Corporate,2022-08-06
139,Nancy,Lopez,nancy.lopez139@example.com,Washington,DC,East,Corporate,2021-04-16
140,Robert,Sanchez,robert.sanchez140@example.com,Philadelphia,PA,East,Consumer,2023-10-05
141,Elizabeth,Torres,elizabeth.torres141@example.com,New York,NY,North,Consumer,2022-09-15
142,Emily,Clark,emily.clark142@example.com,Houston,TX,South,Home Office,2024-05-26
143,Matthew,Lewis,matthew.lewis143@example.com,Atlanta,GA,South,Corporate,2023-06-26
144,Andrew,Flores,andrew.flores144@example.com,Washington,DC,East,Home Office,2021-05-04
145,Kenneth,Wilson,kenneth.wilson145@example.com,New York,NY,North,Home Office,2022-06-26
146,Jessica,Lopez,jessica.lopez146@example.com,New York,NY,North,Consumer,2024-02-05
147,Anthony,Lewis,anthony.lewis147@example.com,Houston,TX,South,Home Office,2024-11-12
148,John,Anderson,john.anderson148@example.com,Washington,DC,East,Home Office,2022-08-14
149,Sandra,Jones,sandra.jones149@example.com,Seattle,WA,West,Consumer,2024-11-08
150,Donna,Gonzalez,donna.gonzalez150@example.com,Seattle,WA,West,Consumer,2023-05-21
151,Elizabeth,Moore,elizabeth.moore151@example.com,Atlanta,GA,South,Consumer,2021-10-19
152,Karen,Hill,karen.hill152@example.com,New York,NY,North,Corporate,2024-03-11
153,Sandra,Martin,sandra.martin153@example.com,Philadelphia,PA,East,Corporate,2024-12-04
154,Paul,Young,paul.young154@example.com,Seattle,WA,West,Consumer,2023-06-16
155,Melissa,Lee,melissa.lee155@example.com,Boston,MA,North,Corporate,2024-05-21
156,Joseph,Torres,joseph.torres156@example.com,New York,NY,North,Consumer,2024-04-17
157,John,Lopez,john.lopez157@example.com,Seattle,WA,West,Home Office,2023-08-22
158,Barbara,Nguyen,barbara.nguyen158@example.com,Washington,DC,East,Home Office,2023-06-12
159,Donald,Thompson,donald.thompson159@example.com,Philadelphia,PA,East,Corporate,2023-04-17
160,Michael,Hernandez,michael.hernandez160@example.com,Seattle,WA,West,Corporate,2022-11-07
161,Kevin,Sanchez,kevin.sanchez161@example.com,Washington,DC,East,Consumer,2024-02-01
162,Christopher,Taylor,christopher.taylor162@example.com,Philadelphia,PA,East,Consumer,2022-10-25
163,James,Wright,james.wright163@example.com,Baltimore,MD,East,Corporate,2023-08-05
164,Kimberly,White,kimberly.white164@example.com,New York,NY,North,Corporate,2024-06-29
165,Susan,Moore,susan.moore165@example.com,Philadelphia,PA,East,Consumer,2024-01-30
166,Brian,Young,brian.young166@example.com,San Francisco,CA,West,Consumer,2021-09-06
167,David,Martin,david.martin167@example.com,Atlanta,GA,South,Consumer,2024-02-03
168,Joseph,Davis,joseph.davis168@example.com,Philadelphia,PA,East,Consumer,2023-08-04
169,Amanda,Jackson,amanda.jackson169@example.com,Miami,FL,South,Home Office,2023-11-09
170,Donald,Walker,donald.walker170@example.com,San Francisco,CA,West,Corporate,2022-05-15
171,Richard,Hill,richard.hill171@example.com,Miami,FL,South,Home Office,2023-11-07
172,Sarah,Clark,sarah.clark172@example.com,Houston,TX,South,Home Office,2022-11-28
173,Charles,Martin,charles.martin173@example.com,Los Angeles,CA,West,Home Office,2024-04-17
174,Mark,Wright,mark.wright174@example.com,Philadelphia,PA,East,Corporate,2023-09-19
175,Timothy,Wright,timothy.wright175@example.com,Seattle,WA,West,Corporate,2023-02-12
176,Brian,Thomas,brian.thomas176@example.com,Los Angeles,CA,West,Corporate,2024-03-17
177,John,Lee,john.lee177@example.com,Miami,FL,South,Home Office,2023-08-27
178,Kevin,Martinez,kevin.martinez178@example.com,Washington,DC,East,Consumer,2023-10-12
179,Donna,Perez,donna.perez179@example.com,Atlanta,GA,South,Corporate,2021-07-25
180,Sandra,Smith,sandra.smith180@example.com,Chicago,IL,North,Corporate,2021-10-23
181,Donald,Taylor,donald.taylor181@example.com,Houston,TX,South,Home Office,2022-11-25
182,Jennifer,Perez,jennifer.perez182@example.com,Baltimore,MD,East,Home Office,2024-10-13
183,Kenneth,Young,kenneth.young183@example.com,Washington,DC,East,Consumer,2024-01-14
184,Kenneth,Jackson,kenneth.jackson184@example.com,New York,NY,North,Home Office,2022-04-11
185,Michael,Miller,michael.miller185@example.com,Boston,MA,North,Consumer,2023-06-28
186,John,Lee,john.lee186@example.com,Los Angeles,CA,West,Corporate,2021-04-25
187,Margaret,Martinez,margaret.martinez187@example.com,San Francisco,CA,West,Home Office,2022-05-16
188,Carol,Lopez,carol.lopez188@example.com,Baltimore,MD,East,Consumer,2021-12-15
189,Matthew,Flores,matthew.flores189@example.com,Chicago,IL,North,Consumer,2024-10-31
190,Elizabeth,Anderson,elizabeth.anderson190@example.com,Baltimore,MD,East,Home Office,2023-08-03
191,Thomas,Smith,thomas.smith191@example.com,San Francisco,CA,West,Corporate,2023-08-11
192,Mark,Thompson,mark.thompson192@example.com,Houston,TX,South,Corporate,2024-04-18
193,Thomas,Robinson,thomas.robinson193@example.com,Baltimore,MD,East,Consumer,2022-09-11
194,Michael,Thomas,michael.thomas194@example.com,Washington,DC,East,Home Office,2023-02-21
195,Charles,Jackson,charles.jackson195@example.com,Seattle,WA,West,Home Office,2021-02-14
196,James,Torres,james.torres196@example.com,Washington,DC,East,Home Office,2024-11-05
197,Melissa,Young,melissa.young197@example.com,Chicago,IL,North,Consumer,2022-08-10
198,Kenneth,Gonzalez,kenneth.gonzalez198@example.com,Los Angeles,CA,West,Corporate,2024-06-25
199,Michael,Williams,michael.williams199@example.com,Atlanta,GA,South,Corporate,2022-09-25
200,Lisa,Rodriguez,lisa.rodriguez200@example.com,Chicago,IL,North,Corporate,2021-07-04
201,Anthony,Lopez,anthony.lopez201@example.com,Seattle,WA,West,Consumer,2022-02-16
202,Steven,Moore,steven.moore202@example.com,Seattle,WA,West,Corporate,2021-12-03
203,Melissa,Perez,melissa.perez203@example.com,Washington,DC,East,Corporate,2021-08-24
204,Timothy,Anderson,timothy.anderson204@example.com,New York,NY,North,Home Office,2024-10-17
205,Lisa,Garcia,lisa.garcia205@example.com,Baltimore,MD,East,Consumer,2023-03-20
206,Linda,Robinson,linda.robinson206@example.com,Seattle,WA,West,Home Office,2023-01-25
207,Matthew,White,matthew.white207@example.com,Seattle,WA,West,Home Office,2021-08-10
208,Mary,Flores,mary.flores208@example.com,Miami,FL,South,Corporate,2024-02-24
209,Robert,Robinson,robert.robinson209@example.com,Atlanta,GA,South,Corporate,2024-12-06
210,William,Williams,william.williams210@example.com,Philadelphia,PA,East,Corporate,2021-03-18
211,Michael,Thomas,michael.thomas211@example.com,Philadelphia,PA,East,Consumer,2024-01-06
212,Lisa,Wright,lisa.wright212@example.com,Washington,DC,East,Home Office,2023-05-09
213,Dorothy,Miller,dorothy.miller213@example.com,Miami,FL,South,Home Office,2023-09-30
214,John,White,john.white214@example.com,Washington,DC,East,Corporate,2022-03-21
215,Lisa,Miller,lisa.miller215@example.com,Philadelphia,PA,East,Corporate,2024-11-05
216,Betty,Moore,betty.moore216@example.com,Los Angeles,CA,West,Consumer,2022-01-24
217,Kevin,Wilson,kevin.wilson217@example.com,Philadelphia,PA,East,Home Office,2024-08-07
218,Nancy,Thomas,nancy.thomas218@example.com,New York,NY,North,Home Office,2021-09-15
219,Timothy,Scott,timothy.scott219@example.com,Houston,TX,South,Home Office,2022-03-01
220,Nancy,Martinez,nancy.martinez220@example.com,Houston,TX,South,Consumer,2024-05-05
221,William,Wright,william.wright221@example.com,Los Angeles,CA,West,Consumer,2022-05-29
222,Mary,Rodriguez,mary.rodriguez222@example.com,Chicago,IL,North,Corporate,2021-01-31
223,Christopher,Johnson,christopher.johnson223@example.com,Atlanta,GA,South,Corporate,2021-12-23
224,Melissa,Clark,melissa.clark224@example.com,New York,NY,North,Consumer,2023-12-14
225,Mark,White,mark.white225@example.com,Boston,MA,North,Home Office,2023-11-18
226,Steven,Anderson,steven.anderson226@example.com,Boston,MA,North,Consumer,2024-06-13
227,Dorothy,Johnson,dorothy.johnson227@example.com,San Francisco,CA,West,Corporate,2021-05-05
228,Carol,Miller,carol.miller228@example.com,Washington,DC,East,Home Office,2023-10-02
229,Jennifer,Lee,jennifer.lee229@example.com,Philadelphia,PA,East,Consumer,2024-05-30
230,Sarah,Flores,sarah.flores230@example.com,New York,NY,North,Home Office,2024-07-20
231,Joshua,King,joshua.king231@example.com,San Francisco,CA,West,Corporate,2022-08-27
232,Brian,Davis,brian.davis232@example.com,Philadelphia,PA,East,Home Office,2024-09-02
233,Mark,Anderson,mark.anderson233@example.com,Miami,FL,South,Corporate,2023-04-28
234,Anthony,Miller,anthony.miller234@example.com,Washington,DC,East,Corporate,2022-10-03
235,Thomas,White,thomas.white235@example.com,Seattle,WA,West,Home Office,2021-11-09
236,Jennifer,Garcia,jennifer.garcia236@example.com,Philadelphia,PA,East,Corporate,2021-07-10
237,Melissa,White,melissa.white237@example.com,Chicago,IL,North,Home Office,2021-09-24
238,Emily,Scott,emily.scott238@example.com,Chicago,IL,North,Home Office,2022-11-07
239,Daniel,Ramirez,daniel.ramirez239@example.com,Boston,MA,North,Corporate,2021-04-16
240,Michael,Torres,michael.torres240@example.com,San Francisco,CA,West,Consumer,2023-11-06
241,Donald,Anderson,donald.anderson241@example.com,Atlanta,GA,South,Corporate,2021-08-10
242,Timothy,Moore,timothy.moore242@example.com,Los Angeles,CA,West,Consumer,2024-03-21
243,Deborah,Flores,deborah.flores243@example.com,Baltimore,MD,East,Home Office,2024-06-10
244,Kevin,Moore,kevin.moore244@example.com,Chicago,IL,North,Consumer,2021-03-01
245,Timothy,Martin,timothy.martin245@example.com,Seattle,WA,West,Corporate,2022-11-27
246,Elizabeth,Torres,elizabeth.torres246@example.com,New York,NY,North,Corporate,2024-09-08
247,Melissa,Johnson,melissa.johnson247@example.com,New York,NY,North,Home Office,2021-07-07
248,Anthony,Robinson,anthony.robinson248@example.com,Miami,FL,South,Consumer,2022-11-30
249,George,Lee,george.lee249@example.com,San Francisco,CA,West,Home Office,2024-03-08
250,Elizabeth,Hernandez,elizabeth.hernandez250@example.com,New York,NY,North,Consumer,2024-06-19
251,Mark,Ramirez,mark.ramirez251@example.com,Boston,MA,North,Home Office,2023-09-22
252,Sarah,Wilson,sarah.wilson252@example.com,Washington,DC,East,Consumer,2023-11-16
253,Linda,Jackson,linda.jackson253@example.com,San Francisco,CA,West,Home Office,2024-10-20
254,Kevin,Martin,kevin.martin254@example.com,Baltimore,MD,East,Consumer,2021-04-04
255,Patricia,Smith,patricia.smith255@example.com,Baltimore,MD,East,Corporate,2022-02-23
256,Timothy,Taylor,timothy.taylor256@example.com,Houston,TX,South,Corporate,2022-08-16
257,Ashley,Ramirez,ashley.ramirez257@example.com,New York,NY,North,Consumer,2021-12-26
258,Amanda,Anderson,amanda.anderson258@example.com,Baltimore,MD,East,Home Office,2023-10-22
259,Betty,Williams,betty.williams259@example.com,Los Angeles,CA,West,Consumer,2023-06-13
260,Christopher,Torres,christopher.torres260@example.com,Philadelphia,PA,East,Home Office,2023-05-30
261,Kenneth,Clark,kenneth.clark261@example.com,Baltimore,MD,East,Consumer,2022-08-16
262,Christopher,Hernandez,christopher.hernandez262@example.com,Philadelphia,PA,East,Corporate,2024-06-19
263,Margaret,Miller,margaret.miller263@example.com,Los Angeles,CA,West,Corporate,2022-05-14
264,Jennifer,Sanchez,jennifer.sanchez264@example.com,Baltimore,MD,East,Home Office,2022-09-28
265,Nancy,Hernandez,nancy.hernandez265@example.com,Los Angeles,CA,West,Home Office,2021-06-06
266,Steven,Gonzalez,steven.gonzalez266@example.com,Chicago,IL,North,Corporate,2022-12-17
267,Michael,Martinez,michael.martinez267@example.com,Houston,TX,South,Consumer,2022-06-09
268,Elizabeth,Jones,elizabeth.jones268@example.com,Atlanta,GA,South,Home Office,2021-12-29
269,Timothy,Torres,timothy.torres269@example.com,Washington,DC,East,Corporate,2024-04-01
270,Christopher,Martinez,christopher.martinez270@example.com,Seattle,WA,West,Consumer,2023-06-20
271,Kenneth,Martin,kenneth.martin271@example.com,Washington,DC,East,Home Office,2022-07-17
272,Steven,Jones,steven.jones272@example.com,Boston,MA,North,Corporate,2022-09-28
273,Patricia,White,patricia.white273@example.com,Philadelphia,PA,East,Consumer,2022-08-11
274,Joshua,Allen,joshua.allen274@example.com,Chicago,IL,North,Corporate,2023-02-27
275,Andrew,Gonzalez,andrew.gonzalez275@example.com,Boston,MA,North,Home Office,2022-10-21
276,Elizabeth,Brown,elizabeth.brown276@example.com,Baltimore,MD,East,Consumer,2023-07-12
277,Jennifer,Allen,jennifer.allen277@example.com,Seattle,WA,West,Consumer,2024-08-16
278,Amanda,Lewis,amanda.lewis278@example.com,New York,NY,North,Home Office,2023-06-19
279,Lisa,Jackson,lisa.jackson279@example.com,Miami,FL,South,Corporate,2023-03-05
280,Joshua,Brown,joshua.brown280@example.com,Seattle,WA,West,Home Office,2024-07-16
281,Nancy,Miller,nancy.miller281@example.com,Los Angeles,CA,West,Home Office,2024-02-17
282,Thomas,Hill,thomas.hill282@example.com,Washington,DC,East,Corporate,2021-11-04
283,Kevin,Martinez,kevin.martinez283@example.com,Chicago,IL,North,Corporate,2022-12-18
284,Joshua,Garcia,joshua.garcia284@example.com,Philadelphia,PA,East,Home Office,2022-09-27
285,Nancy,Rodriguez,nancy.rodriguez285@example.com,Baltimore,MD,East,Home Office,2024-10-04
286,Kevin,Ramirez,kevin.ramirez286@example.com,Chicago,IL,North,Corporate,2023-11-08
287,Karen,Lopez,karen.lopez287@example.com,Boston,MA,North,Corporate,2022-03-15
288,Joseph,Rodriguez,joseph.rodriguez288@example.com,Philadelphia,PA,East,Consumer,2021-11-14
289,Steven,Wright,steven.wright289@example.com,Los Angeles,CA,West,Consumer,2023-12-15
290,William,Hill,william.hill290@example.com,Seattle,WA,West,Consumer,2023-02-11
291,Brian,Flores,brian.flores291@example.com,Houston,TX,South,Home Office,2021-12-06
292,Anthony,White,anthony.white292@example.com,Philadelphia,PA,East,Home Office,2024-10-17
293,Michelle,Jackson,michelle.jackson293@example.com,Miami,FL,South,Consumer,2023-07-09
294,Donald,Gonzalez,donald.gonzalez294@example.com,Miami,FL,South,Home Office,2023-01-24
295,Deborah,Jackson,deborah.jackson295@example.com,Washington,DC,East,Home Office,2023-02-22
296,Richard,Hill,richard.hill296@example.com,Philadelphia,PA,East,Corporate,2021-10-11
297,Donald,White,donald.white297@example.com,Chicago,IL,North,Consumer,2024-02-10
298,Jennifer,Hernandez,jennifer.hernandez298@example.com,Boston,MA,North,Corporate,2022-07-13
299,Jennifer,Anderson,jennifer.anderson299@example.com,Miami,FL,South,Corporate,2023-07-13
300,Patricia,Sanchez,patricia.sanchez300@example.com,Boston,MA,North,Corporate,2023-10-26
301,Jennifer,White,jennifer.white301@example.com,Miami,FL,South,Consumer,2022-04-05
302,Amanda,Perez,amanda.perez302@example.com,Los Angeles,CA,West,Consumer,2021-10-27
303,Donald,Rodriguez,donald.rodriguez303@example.com,Boston,MA,North,Corporate,2024-12-15
304,James,Garcia,james.garcia304@example.com,Baltimore,MD,East,Corporate,2021-02-08
305,Emily,Hill,emily.hill305@example.com,Houston,TX,South,Corporate,2023-12-17
306,Jessica,Martin,jessica.martin306@example.com,Boston,MA,North,Consumer,2021-09-07
307,Kenneth,Flores,kenneth.flores307@example.com,Miami,FL,South,Consumer,2023-07-26
308,Joshua,Wright,joshua.wright308@example.com,Boston,MA,North,Home Office,2021-02-03
309,Elizabeth,Jackson,elizabeth.jackson309@example.com,Atlanta,GA,South,Consumer,2023-05-30
310,Andrew,Clark,andrew.clark310@example.com,Los Angeles,CA,West,Home Office,2022-01-19
311,Lisa,Jones,lisa.jones311@example.com,Chicago,IL,North,Home Office,2023-12-14
312,Donald,Williams,donald.williams312@example.com,Boston,MA,North,Corporate,2024-07-25
313,Melissa,Johnson,melissa.johnson313@example.com,San Francisco,CA,West,Consumer,2023-01-02
314,George,Miller,george.miller314@example.com,Los Angeles,CA,West,Home Office,2024-04-06
315,John,Thompson,john.thompson315@example.com,Los Angeles,CA,West,Corporate,2024-01-24
316,Sandra,Walker,sandra.walker316@example.com,Atlanta,GA,South,Consumer,2024-07-17
317,Amanda,Robinson,amanda.robinson317@example.com,Houston,TX,South,Corporate,2021-03-17
318,Richard,Williams,richard.williams318@example.com,Houston,TX,South,Corporate,2022-10-09
319,Donald,Taylor,donald.taylor319@example.com,Baltimore,MD,East,Home Office,2021-03-16
320,Daniel,Brown,daniel.brown320@example.com,Miami,FL,South,Corporate,2024-09-04
321,Lisa,Ramirez,lisa.ramirez321@example.com,Los Angeles,CA,West,Home Office,2023-03-31
322,Nancy,Lopez,nancy.lopez322@example.com,Washington,DC,East,Home Office,2023-10-14
323,Kimberly,Moore,kimberly.moore323@example.com,Washington,DC,East,Home Office,2021-06-19
324,Margaret,Hill,margaret.hill324@example.com,Philadelphia,PA,East,Home Office,2022-01-05
325,Michael,Garcia,michael.garcia325@example.com,San Francisco,CA,West,Home Office,2022-11-03
326,Mark,Hill,mark.hill326@example.com,San Francisco,CA,West,Consumer,2023-05-23
327,Mark,Williams,mark.williams327@example.com,Washington,DC,East,Home Office,2022-12-24
328,Kenneth,Brown,kenneth.brown328@example.com,Washington,DC,East,Home Office,2021-06-03
329,Steven,Hernandez,steven.hernandez329@example.com,Washington,DC,East,Consumer,2021-03-05
330,William,Jones,william.jones330@example.com,Philadelphia,PA,East,Home Office,2022-04-29
331,Matthew,Torres,matthew.torres331@example.com,San Francisco,CA,West,Home Office,2021-03-08
332,Mark,White,mark.white332@example.com,Atlanta,GA,South,Corporate,2023-02-01
333,William,King,william.king333@example.com,Chicago,IL,North,Corporate,2023-01-22
334,Sarah,Thomas,sarah.thomas334@example.com,Seattle,WA,West,Consumer,2021-08-21
335,Kimberly,Harris,kimberly.harris335@example.com,Miami,FL,South,Consumer,2024-02-25
336,Amanda,Lewis,amanda.lewis336@example.com,San Francisco,CA,West,Home Office,2022-03-16
337,Ashley,Gonzalez,ashley.gonzalez337@example.com,Seattle,WA,West,Consumer,2021-09-09
338,Barbara,Lewis,barbara.lewis338@example.com,Boston,MA,North,Home Office,2021-06-29
339,Daniel,Jones,daniel.jones339@example.com,Seattle,WA,West,Home Office,2024-02-01
340,David,Lopez,david.lopez340@example.com,San Francisco,CA,West,Home Office,2023-01-11
341,Richard,Rodriguez,richard.rodriguez341@example.com,Houston,TX,South,Corporate,2022-04-30
342,Emily,Torres,emily.torres342@example.com,Boston,MA,North,Corporate,2023-01-26
343,Jennifer,Jones,jennifer.jones343@example.com,Atlanta,GA,South,Corporate,2022-09-26
344,Anthony,Clark,anthony.clark344@example.com,Baltimore,MD,East,Consumer,2024-03-23
345,Dorothy,Jones,dorothy.jones345@example.com,Miami,FL,South,Corporate,2023-07-11
346,Deborah,Scott,deborah.scott346@example.com,Los Angeles,CA,West,Home Office,2024-08-03
347,Margaret,Allen,margaret.allen347@example.com,Houston,TX,South,Consumer,2021-04-24
348,David,Hernandez,david.hernandez348@example.com,Miami,FL,South,Home Office,2022-10-23
349,Kimberly,Jackson,kimberly.jackson349@example.com,Miami,FL,South,Corporate,2021-06-11
350,Emily,Moore,emily.moore350@example.com,Atlanta,GA,South,Home Office,2021-09-14
351,Paul,Garcia,paul.garcia351@example.com,Seattle,WA,West,Home Office,2023-10-27
352,Donna,Martinez,donna.martinez352@example.com,Atlanta,GA,South,Home Office,2021-12-17
353,John,Johnson,john.johnson353@example.com,Seattle,WA,West,Consumer,2021-06-16
354,Susan,Torres,susan.torres354@example.com,Seattle,WA,West,Home Office,2023-05-04
355,Kenneth,Wright,kenneth.wright355@example.com,Boston,MA,North,Home Office,2022-08-17
356,Jessica,Sanchez,jessica.sanchez356@example.com,San Francisco,CA,West,Corporate,2022-09-02
357,Patricia,Hernandez,patricia.hernandez357@example.com,Chicago,IL,North,Corporate,2023-06-20
358,Susan,Perez,susan.perez358@example.com,Washington,DC,East,Consumer,2024-05-27
359,Christopher,Thompson,christopher.thompson359@example.com,Seattle,WA,West,Consumer,2023-03-28
360,Emily,Miller,emily.miller360@example.com,Seattle,WA,West,Consumer,2022-10-16
361,Sarah,Lewis,sarah.lewis361@example.com,Philadelphia,PA,East,Consumer,2022-05-23
362,Charles,Harris,charles.harris362@example.com,New York,NY,North,Corporate,2024-06-14
363,Christopher,Torres,christopher.torres363@example.com,Houston,TX,South,Consumer,2022-10-03
364,Steven,Robinson,steven.robinson364@example.com,Miami,FL,South,Corporate,2023-10-19
365,Jennifer,Sanchez,jennifer.sanchez365@example.com,Philadelphia,PA,East,Corporate,2023-11-02
366,Donna,Thompson,donna.thompson366@example.com,Houston,TX,South,Consumer,2021-04-10
367,Joshua,Walker,joshua.walker367@example.com,San Francisco,CA,West,Home Office,2022-08-09
368,Margaret,Rodriguez,margaret.rodriguez368@example.com,New York,NY,North,Home Office,2022-06-26
369,Lisa,Williams,lisa.williams369@example.com,San Francisco,CA,West,Consumer,2023-04-01
370,Emily,Jackson,emily.jackson370@example.com,Miami,FL,South,Corporate,2021-05-31
371,Sarah,Flores,sarah.flores371@example.com,Baltimore,MD,East,Home Office,2024-10-25
372,Michael,Sanchez,michael.sanchez372@example.com,New York,NY,North,Corporate,2023-02-04
373,Richard,Hill,richard.hill373@example.com,Los Angeles,CA,West,Corporate,2023-11-09
374,John,Rodriguez,john.rodriguez374@example.com,New York,NY,North,Corporate,2022-11-14
375,Joshua,Allen,joshua.allen375@example.com,Philadelphia,PA,East,Corporate,2021-10-14
376,Betty,Flores,betty.flores376@example.com,Los Angeles,CA,West,Home Office,2022-09-05
377,Steven,Wright,steven.wright377@example.com,Seattle,WA,West,Home Office,2023-10-01
378,Mary,White,mary.white378@example.com,San Francisco,CA,West,Home Office,2022-11-10
379,Donna,Martin,donna.martin379@example.com,Boston,MA,North,Home Office,2024-11-10
380,Donald,Taylor,donald.taylor380@example.com,Chicago,IL,North,Home Office,2024-09-04
381,Patricia,Nguyen,patricia.nguyen381@example.com,Atlanta,GA,South,Consumer,2023-09-11
382,Carol,Thomas,carol.thomas382@example.com,Philadelphia,PA,East,Home Office,2021-03-06
383,Mary,Lewis,mary.lewis383@example.com,New York,NY,North,Corporate,2022-10-05
384,Brian,Wilson,brian.wilson384@example.com,Miami,FL,South,Home Office,2023-04-21
385,George,Brown,george.brown385@example.com,Baltimore,MD,East,Consumer,2024-12-16
386,Christopher,Walker,christopher.walker386@example.com,Atlanta,GA,South,Corporate,2023-12-13
387,Sandra,Wright,sandra.wright387@example.com,Los Angeles,CA,West,Home Office,2022-12-03
388,Deborah,Taylor,deborah.taylor388@example.com,Seattle,WA,West,Corporate,2024-06-03
389,Sarah,Scott,sarah.scott389@example.com,Houston,TX,South,Consumer,2022-09-04
390,Amanda,Wilson,amanda.wilson390@example.com,San Francisco,CA,West,Home Office,2024-11-14
391,Donald,Thompson,donald.thompson391@example.com,Washington,DC,East,Home Office,2024-02-22
392,Linda,Torres,linda.torres392@example.com,San Francisco,CA,West,Home Office,2024-10-17
393,Daniel,Martinez,daniel.martinez393@example.com,Washington,DC,East,Consumer,2022-08-18
394,Jennifer,Thompson,jennifer.thompson394@example.com,Seattle,WA,West,Home Office,2023-06-25
395,Donald,Wilson,donald.wilson395@example.com,Seattle,WA,West,Home Office,2022-02-18
396,Brian,Moore,brian.moore396@example.com,Seattle,WA,West,Consumer,2021-10-09
397,Patricia,King,patricia.king397@example.com,Houston,TX,South,Home Office,2022-04-08
398,Michael,Clark,michael.clark398@example.com,Houston,TX,South,Home Office,2022-11-08
399,Carol,Rodriguez,carol.rodriguez399@example.com,Philadelphia,PA,East,Home Office,2021-01-11
400,Dorothy,Walker,dorothy.walker400@example.com,Miami,FL,South,Home Office,2023-09-05
401,Christopher,Jackson,christopher.jackson401@example.com,Miami,FL,South,Consumer,2024-08-15
402,Andrew,Anderson,andrew.anderson402@example.com,Chicago,IL,North,Home Office,2024-01-01
403,Anthony,Lopez,anthony.lopez403@example.com,New York,NY,North,Corporate,2021-03-16
404,Melissa,Jackson,melissa.jackson404@example.com,Philadelphia,PA,East,Consumer,2021-03-18
405,Joshua,Miller,joshua.miller405@example.com,Seattle,WA,West,Corporate,2022-11-18
406,Paul,King,paul.king406@example.com,Baltimore,MD,East,Consumer,2023-10-09
407,Richard,Davis,richard.davis407@example.com,Washington,DC,East,Consumer,2022-11-09
408,Thomas,Lopez,thomas.lopez408@example.com,Baltimore,MD,East,Home Office,2021-01-29
409,Andrew,Gonzalez,andrew.gonzalez409@example.com,San Francisco,CA,West,Home Office,2021-12-26
410,Steven,Lee,steven.lee410@example.com,Washington,DC,East,Corporate,2021-06-27
411,William,Walker,william.walker411@example.com,New York,NY,North,Consumer,2022-10-25
412,Matthew,Thomas,matthew.thomas412@example.com,Boston,MA,North,Corporate,2023-07-04
413,Donna,Torres,donna.torres413@example.com,San Francisco,CA,West,Corporate,2021-01-24
414,Jessica,Brown,jessica.brown414@example.com,Seattle,WA,West,Consumer,2024-09-29
415,David,Sanchez,david.sanchez415@example.com,Washington,DC,East,Home Office,2024-11-06
416,Linda,Jackson,linda.jackson416@example.com,Seattle,WA,West,Home Office,2023-01-23
417,William,Walker,william.walker417@example.com,Houston,TX,South,Corporate,2021-11-10
418,Brian,Scott,brian.scott418@example.com,San Francisco,CA,West,Home Office,2023-08-23
419,Carol,Hill,carol.hill419@example.com,Houston,TX,South,Home Office,2021-06-17
420,Amanda,White,amanda.white420@example.com,Baltimore,MD,East,Home Office,2021-06-09
421,Emily,Allen,emily.allen421@example.com,New York,NY,North,Home Office,2022-02-19
422,Christopher,King,christopher.king422@example.com,Houston,TX,South,Consumer,2023-06-24
423,Donna,Young,donna.young423@example.com,Atlanta,GA,South,Home Office,2021-07-06
424,Sandra,Rodriguez,sandra.rodriguez424@example.com,Philadelphia,PA,East,Corporate,2023-11-18
425,Patricia,Scott,patricia.scott425@example.com,Baltimore,MD,East,Home Office,2023-08-05
426,Mary,Sanchez,mary.sanchez426@example.com,Seattle,WA,West,Consumer,2022-06-06
427,Robert,Williams,robert.williams427@example.com,Atlanta,GA,South,Corporate,2023-05-18
428,Patricia,Jones,patricia.jones428@example.com,Chicago,IL,North,Consumer,2023-08-25
429,Barbara,Rodriguez,barbara.rodriguez429@example.com,San Francisco,CA,West,Home Office,2024-08-06
430,Matthew,Lewis,matthew.lewis430@example.com,Washington,DC,East,Corporate,2023-02-13
431,Kevin,Wright,kevin.wright431@example.com,Chicago,IL,North,Home Office,2021-09-30
432,Barbara,Wright,barbara.wright432@example.com,Los Angeles,CA,West,Home Office,2023-03-16
433,Joseph,Smith,joseph.smith433@example.com,Atlanta,GA,South,Corporate,2021-02-16
434,George,Wright,george.wright434@example.com,Baltimore,MD,East,Home Office,2023-05-19
435,Jessica,Robinson,jessica.robinson435@example.com,Philadelphia,PA,East,Consumer,2022-12-10
436,George,Davis,george.davis436@example.com,Los Angeles,CA,West,Home Office,2021-03-07
437,Deborah,Johnson,deborah.johnson437@example.com,Baltimore,MD,East,Consumer,2022-05-08
438,Joshua,Williams,joshua.williams438@example.com,New York,NY,North,Home Office,2023-07-04
439,Melissa,Williams,melissa.williams439@example.com,New York,NY,North,Corporate,2023-04-04
440,Susan,Brown,susan.brown440@example.com,Atlanta,GA,South,Home Office,2021-10-14
441,George,Torres,george.torres441@example.com,Los Angeles,CA,West,Home Office,2022-10-16
442,Karen,Martinez,karen.martinez442@example.com,Los Angeles,CA,West,Home Office,2024-09-14
443,Karen,Moore,karen.moore443@example.com,Miami,FL,South,Home Office,2021-05-05
444,Carol,Ramirez,carol.ramirez444@example.com,Atlanta,GA,South,Corporate,2024-02-13
445,Dorothy,Harris,dorothy.harris445@example.com,Boston,MA,North,Corporate,2023-12-11
446,Elizabeth,Martin,elizabeth.martin446@example.com,Washington,DC,East,Consumer,2023-02-10
447,Joseph,Martin,joseph.martin447@example.com,Philadelphia,PA,East,Consumer,2024-12-20
448,Emily,Clark,emily.clark448@example.com,Philadelphia,PA,East,Home Office,2023-05-04
449,Jessica,Taylor,jessica.taylor449@example.com,Miami,FL,South,Corporate,2022-02-21
450,Lisa,Garcia,lisa.garcia450@example.com,Boston,MA,North,Home Office,2024-01-02
451,Sarah,Harris,sarah.harris451@example.com,Houston,TX,South,Home Office,2024-10-11
452,Richard,Nguyen,richard.nguyen452@example.com,New York,NY,North,Home Office,2024-10-07
453,Susan,Perez,susan.perez453@example.com,Miami,FL,South,Consumer,2022-09-13
454,Melissa,Davis,melissa.davis454@example.com,Houston,TX,South,Consumer,2023-09-08
455,Jessica,Scott,jessica.scott455@example.com,Miami,FL,South,Corporate,2022-10-21
456,Paul,Thompson,paul.thompson456@example.com,Washington,DC,East,Corporate,2022-09-24
457,Ashley,Robinson,ashley.robinson457@example.com,Seattle,WA,West,Home Office,2021-07-21
458,Susan,White,susan.white458@example.com,Washington,DC,East,Corporate,2022-10-03
459,Joseph,Martinez,joseph.martinez459@example.com,Chicago,IL,North,Corporate,2021-02-03
460,Elizabeth,Gonzalez,elizabeth.gonzalez460@example.com,Washington,DC,East,Consumer,2022-11-07
461,Jessica,Young,jessica.young461@example.com,Baltimore,MD,East,Home Office,2024-02-02
462,Timothy,Young,timothy.young462@example.com,San Francisco,CA,West,Home Office,2024-08-07
463,David,Thompson,david.thompson463@example.com,Washington,DC,East,Consumer,2021-12-13
464,Paul,Brown,paul.brown464@example.com,Philadelphia,PA,East,Consumer,2023-12-10
465,Patricia,Smith,patricia.smith465@example.com,Chicago,IL,North,Consumer,2023-04-25
466,Amanda,Martinez,amanda.martinez466@example.com,Houston,TX,South,Consumer,2021-01-19
467,Patricia,Flores,patricia.flores467@example.com,Washington,DC,East,Home Office,2024-07-30
468,Ashley,Johnson,ashley.johnson468@example.com,Baltimore,MD,East,Home Office,2021-01-14
469,Mary,King,mary.king469@example.com,Philadelphia,PA,East,Home Office,2022-07-17
470,Steven,Ramirez,steven.ramirez470@example.com,Los Angeles,CA,West,Consumer,2022-01-03
471,Elizabeth,Thomas,elizabeth.thomas471@example.com,Chicago,IL,North,Home Office,2022-01-29
472,Sarah,Sanchez,sarah.sanchez472@example.com,San Francisco,CA,West,Corporate,2021-06-11
473,Andrew,Thomas,andrew.thomas473@example.com,Washington,DC,East,Consumer,2024-11-28
474,Jennifer,Williams,jennifer.williams474@example.com,Seattle,WA,West,Corporate,2021-07-11
475,Emily,Walker,emily.walker475@example.com,Washington,DC,East,Home Office,2021-04-25
476,David,Garcia,david.garcia476@example.com,Chicago,IL,North,Corporate,2023-10-21
477,Michael,King,michael.king477@example.com,Seattle,WA,West,Consumer,2021-03-29
478,Andrew,Walker,andrew.walker478@example.com,Atlanta,GA,South,Consumer,2022-07-10
479,Sarah,Wright,sarah.wright479@example.com,Chicago,IL,North,Home Office,2024-02-29
480,Christopher,Johnson,christopher.johnson480@example.com,New York,NY,North,Home Office,2022-03-01
481,Betty,Jones,betty.jones481@example.com,Atlanta,GA,South,Consumer,2022-09-05
482,Matthew,Wright,matthew.wright482@example.com,Atlanta,GA,South,Corporate,2022-11-11
483,George,Garcia,george.garcia483@example.com,Atlanta,GA,South,Home Office,2023-10-23
484,Michael,Ramirez,michael.ramirez484@example.com,Los Angeles,CA,West,Consumer,2022-04-21
485,Deborah,Flores,deborah.flores485@example.com,Seattle,WA,West,Corporate,2024-05-04
486,Kenneth,Moore,kenneth.moore486@example.com,Los Angeles,CA,West,Corporate,2023-07-12
487,Emily,Harris,emily.harris487@example.com,Miami,FL,South,Consumer,2023-06-04
488,Deborah,Flores,deborah.flores488@example.com,Philadelphia,PA,East,Consumer,2022-08-28
489,Sarah,Martinez,sarah.martinez489@example.com,New York,NY,North,Home Office,2023-02-18
490,Matthew,Lee,matthew.lee490@example.com,Atlanta,GA,South,Consumer,2023-01-09
491,Karen,Lewis,karen.lewis491@example.com,New York,NY,North,Corporate,2023-01-08
492,Jennifer,Lopez,jennifer.lopez492@example.com,New York,NY,North,Corporate,2023-06-02
493,Mary,Garcia,mary.garcia493@example.com,Philadelphia,PA,East,Home Office,2022-12-26
494,Joshua,Lee,joshua.lee494@example.com,Chicago,IL,North,Consumer,2023-02-28
495,Matthew,Garcia,matthew.garcia495@example.com,San Francisco,CA,West,Consumer,2024-02-20
496,Matthew,Hernandez,matthew.hernandez496@example.com,Atlanta,GA,South,Corporate,2021-10-12
497,Ashley,Martinez,ashley.martinez497@example.com,San Francisco,CA,West,Consumer,2021-05-10
498,Anthony,Martin,anthony.martin498@example.com,Washington,DC,East,Consumer,2023-09-19
499,Jessica,Young,jessica.young499@example.com,San Francisco,CA,West,Home Office,2024-05-01
500,Michael,Rodriguez,michael.rodriguez500@example.com,Miami,FL,South,Consumer,2022-09-16
